,0,1,2,3,4,5,6,7,8,9,10,11,12,13,14,15,16,17,18,19
hr_pca0,-0.008967506056087954,-0.0025197710951615194,-0.012370184711921004,-0.010263677225884681,-0.0033339196440208365,-0.013087123449423211,-0.02178063306634361,-0.005997257210984519,-0.004982090803637265,-0.003588091522485902,-0.009590613008146936,-0.004760736218722792,-0.03424515447520442,-0.007110756586634568,-0.008599667834988558,-0.01451437369516953,-0.022097431746768693,-0.016096878495542383,-0.004945286239484637,-0.014110067297278603
hr_pca1,0.07229606267079142,0.0883503558808142,0.057454517262539806,0.026610376196111375,0.0016356137239783507,0.028967193457061217,0.08054558109007805,0.06712611922067516,0.028532337582464797,0.030355924956640513,0.02600773913434118,-0.004040261004777387,0.048679354569132506,0.07871243986491704,0.06503991997413275,0.08383520184888048,0.04777072226228112,0.10756233296102607,0.02688537775113421,0.07880493341811351
hr_pca2,-0.08454653388578624,-0.1582340207355793,0.022017080199512533,-0.06083301633612133,-0.04842919248686926,0.0,0.0,0.006469842513940279,-0.00464094083295556,-0.08689687971463647,-0.008803603531512272,-0.0633186998268525,0.06963535422250422,0.01735593750331315,0.0032347305228467745,0.0,0.03502361228962176,-0.15344898120489156,-0.019472023932902323,-0.08222101732363941
hr_pca3,0.0,0.0,-0.15196959205452182,0.021577179113562495,-0.09038774168702846,-0.07163759906004534,0.0,0.0,0.06801988979718113,-0.09457914687909988,-0.0070613313678293465,-0.06572540177469464,-0.0507054665285753,-0.056628025133393295,-0.19440937402583175,-0.13141296321058352,0.021407089440466872,-0.12259611649276735,-0.07490733245041802,0.0
hr_pca4,0.22059962584030365,-0.2678408712509507,-0.14781800863501313,0.2680267500988322,-0.35560893401286225,-0.20964320167582937,-0.392350150701131,-0.18305813324986134,-0.09956980703501876,-0.3597244497793059,-0.26019421978339896,-0.3176573149103729,-0.18566304577061318,-0.12621379819744494,-0.11412806896694021,-0.3168735907562903,-0.2969736885161717,-0.14489263223957355,-0.4812613860689526,-0.23551458216895918
resp_pca0,0.05753741748904421,0.021973257372125788,0.01955463472141221,0.02508140396549322,-0.012524194727781308,0.028457121325574364,0.01571707455438282,0.023243442972703428,0.010121260171614042,0.004875498849749915,0.05616591116473831,0.027836100090462994,0.015337818083628023,0.0012537275127057117,0.03346439858234756,0.014346150235305364,0.02953923962756936,0.040748709640543404,0.011356104958328578,0.001481377590468217
resp_pca1,0.027106348325128,0.061934827204699165,-0.008451105002643887,-0.020865049056096333,0.022444948957621218,0.006567105289291483,-0.04840743008715073,-0.021932138415491124,-0.042655839197080006,0.05026056241915841,0.0,0.07507448721309473,0.02660100165222303,0.010664887777477362,0.0,0.016243266868577126,0.025541488573170158,-0.00980451149328264,-0.008400227275016525,0.04308745694796762
resp_pca2,-0.05545874129947166,0.01882218373033359,0.0,0.0033393320646304984,-0.016605358829107828,-0.04329278126555024,-0.027558852304865947,-0.02795803665914682,0.0,-0.14469418803485665,-0.05698463441396539,-0.10153150899828575,-0.08567121567775371,0.0,-0.11277067267799033,-0.014126061767848586,-0.02249448144142783,0.0,-0.016465954947307345,-0.13680343934646533
resp_pca3,-0.024127993691115478,0.027004154921536214,-0.036554416049768904,0.039021830860602534,0.09098559118500545,0.007369520529517602,0.0816154389030999,-0.021439981992608027,-0.03425607505303203,-0.012245852413307808,0.05920223684650509,0.09438733106356495,0.05799902327176505,0.10070904084581632,0.04479162458376453,0.08227677760983683,-0.006923636424920985,0.004385710037850398,0.03136286637501531,-0.10670406116550225
resp_pca4,-0.13786729660206334,-0.1357022359545294,-0.20240308029919357,0.0023157650517455193,-0.01496547785359765,-0.17061025826832843,0.026981913521662043,-0.06319992808648096,-0.045537319778029675,-0.16760151351242225,-0.03807825534513164,0.09106783554819928,-0.08395728125256126,-0.22016839642609182,-0.07831640855256856,0.006281508844019682,0.0,-0.23777812226164413,0.0,-0.007315273972332411
sao2_pca0,-0.004389696261094127,0.03476608319538694,0.015723373243461947,0.02955711870255741,0.05168159240731161,-0.006967462284983667,0.023569552856528397,0.01645953622340279,0.02118899551933349,0.013073191215458992,0.03204809286748675,0.0,0.00981326914546047,0.02180806235812054,0.06756653875273104,0.04377490812049916,0.0012653866690148774,0.02991376958997306,0.015138759295849125,0.007050948605986448
sao2_pca1,-0.02525758230036955,-0.017792060186165894,0.0007190579996772689,-0.039066168080079205,-0.017432062840217432,0.005045360101375825,0.06938470736421193,0.05127746612004967,0.040714323095480606,0.030504591917612955,-0.025340183343241878,0.0,-0.030608536210089923,0.03212786720331313,-0.02491221153823662,0.0,-0.021889356948567352,-0.006608030213664776,0.0,-0.05261003426524733
sao2_pca2,-0.15477479663316193,-0.11921313331549765,-0.2627446112003972,-0.05956677433893174,-0.14043920760111867,0.16939121296625909,-0.22494017115510498,-0.1323074410031216,-0.18471018652162138,-0.11235407512400186,-0.08053666884032626,-0.0806447801195412,-0.09467059552167312,-0.12386534942762924,-0.11693934274413491,-0.12237898814879115,-0.08711005917845559,-0.04401912329510105,-0.10863029377514859,-0.16129559902907242
sao2_pca3,0.0,0.042250203917676796,-0.017616727484752695,-0.06491117059508077,0.1974162440849171,0.0,0.0,-0.015195704804931457,0.0,0.0643847169858881,0.01805949806940779,0.062159129715474166,0.13113667195022774,0.07166542871281138,0.032321298186978466,0.0,0.13500194734737625,0.019490329949187757,-0.04805419040372135,0.06973013041531631
sao2_pca4,0.18284777590726717,0.09170368490851386,0.12841784626849942,0.011006131841196304,0.11605064648080689,-0.003588122066189326,0.049253768261981794,0.0,0.048615004174770715,0.051514230463346626,0.05252066826002105,0.03424402114865072,0.014761090234997061,-0.08519568149498667,0.04748753377301512,0.10156531176334847,0.02419639742977098,0.0,-0.03481094259469307,0.08249726302279436
gcs_pca0,0.5441874306633931,0.5033628945284884,0.4926655839344865,0.4808951959916525,0.5675185094668926,0.42564150584711563,0.5402633250262852,0.47024491964339454,0.5084414033624168,0.5038233457627699,0.4716190919653226,0.5591598294695439,0.5178318819810518,0.45998825475284033,0.48676147766224825,0.5670395691526428,0.5378752539144696,0.5454844705471061,0.4672634183689479,0.5037945169696139
gcs_pca1,-0.05744813926917387,0.18882338178597988,0.005779509567294729,0.10701597818819968,0.03499857631270973,0.12081943292247159,-0.27716935609557214,0.1423253399260235,-0.09236592611374823,0.06388834065596803,-0.10689652024769423,0.0,-0.014059992558515757,0.07845722407218463,0.05013703305597453,0.10480677378985613,0.06353216488516124,0.03386483448202864,0.12770010117558947,-0.1552021716419484
gcs_pca2,-0.27509139672800104,-0.21760427280551972,0.16965879113407822,-0.11504631822006332,-0.2929881009859267,0.10282335854960294,-0.33223846931883017,-0.18058032949149808,-0.2977424279189153,-0.1893200079744789,-0.2520603890959464,-0.253536164338911,-0.20060206663586813,-0.18874439462431644,-0.20937871106730196,-0.35195264672205967,-0.27094727713984296,-0.20490759587022786,-0.24093126409207183,-0.24402527863972676
gcs_pca3,-0.18177547001608776,-0.46808171955757233,-0.12540055809035014,-0.3524287568481779,-0.07366574162237005,-0.17418121670094183,-0.2635065355688389,-0.2876564474003031,-0.21513529538668055,-0.23066869891539746,-0.2980711664008796,-0.10749487575758128,-0.18327836458735053,-0.29206757186937454,-0.11346676590465553,-0.03154021599803906,-0.1298630226428375,-0.2827883701081313,0.0,-0.08876123022518623
gcs_pca4,-0.20217252244029826,-0.4207934635057134,0.5223059349278847,-0.48291559014898233,-0.44402965095332964,-0.527717190842984,-0.443442583135571,-0.16502951003509658,-0.5507444428017948,-0.4914607403884556,-0.3075536000148559,-0.3411403278105885,-0.32732649613526227,0.27055725504207156,-0.2476738997716148,-0.5635424683234757,-0.40724434914269847,-0.3816345283899972,-0.5408155979714069,-0.4368223110494645
-basos,0.030109094929839354,0.24048666568597438,0.3038282707216593,0.200952537017318,0.22764795520655218,0.5947346516834664,0.32512518107922145,0.0,0.01230931551103487,0.2611042820409836,0.2695692546470538,0.0,0.29084226626495735,0.07878177897529633,0.397717723538098,0.35565686842313315,0.59422843082524,0.36006245412520566,0.23739177807568618,0.505445011573143
-eos,0.032011766655162525,0.020716515002040598,-0.18748409060060103,0.0,0.0,-0.3214573912167453,0.1648018732314515,0.0,0.0,0.0,-0.0034215090569328474,-0.0004291936918443725,0.0,-0.056136002439199244,0.0,0.0,-0.21751201842533985,-0.13087456605421832,-0.2192047389948363,-0.4726256518475971
-lymphs,-0.11575992022424257,-0.1839903736946537,-0.04023823091959738,0.021007741040318932,-0.05597785469633428,-0.2777091202776285,-0.2625519724150947,-0.04876264186453703,-0.11058920753641564,-0.1355229286417829,-0.058461921994831745,-0.021422624762797833,-0.19554599443297643,-0.148753617945805,-0.026612239298687234,-0.14343569688598434,-0.27029002825845533,-0.09587866440487737,0.0,-0.30329812246622945
-monos,0.117321534036732,0.15347322553725232,0.0,-0.04585484928049735,0.005961546924485705,0.04307422009434043,-0.011900063673172758,0.0,0.3113826927598936,0.12736862804982188,0.0,0.1424325227419477,0.0,0.0,0.0,0.08095069455907089,0.09732498305823256,-0.09619863898471916,0.18365063606767965,0.2712944460573769
-polys,-0.08927143826165906,0.12728839277795223,0.0,-0.041399177006713084,-0.10148699868143818,0.052631954389422884,0.0,-0.028242472217193403,0.0,-0.007608009639804476,0.12405722596410898,0.07186605152636705,-0.011865224815785893,-0.20023844623605794,0.03211066349207036,0.10628811340260039,0.017445681406146153,0.0028205377700989387,0.05298316138369668,0.014380529401076406
ALT (SGPT),-0.12068828015772547,-0.14955329262482625,-0.3333129152886955,0.0,-0.08124185105454582,-0.04888930900851624,-0.010936164308703344,-0.12069659079661749,-0.09750150254686311,-0.07354851489455068,-0.06499649046949832,-0.08090956507446347,0.0,-0.13189300661496908,-0.041952190088481556,-0.08646839293206812,-0.07499220164388672,-0.11568130041023975,-0.08237854249403928,-0.11010119642132468
AST (SGOT),-0.001749464096063659,-0.01804674123964085,-0.017556269781558276,-0.06865967037171876,0.0,-0.038877629435274744,-0.13102506842937495,0.0,0.0,0.0,0.0,0.0,-0.0006294668627542053,0.0,0.0,-0.002935656011219257,0.0,0.0,0.0,0.0
BUN,0.194683005624105,0.20524226020196953,0.20427176956575407,0.1622028132248506,0.10157633632992857,0.12059740165465203,0.1405716423747312,0.17770836990387043,0.17661722971294203,0.13806954765647478,0.23450376455896266,0.11820381946073825,0.022979526438265056,0.14511538962034978,0.19353746451936513,0.1445246399017106,0.1872128135149666,0.24702061415432258,0.21029956432002558,0.21483780487722018
Base Excess,0.04367848413871095,0.0,0.022183191259799083,-0.20133227623878466,0.0,0.0,0.0,-0.18169290172554067,0.0,0.0,-0.03964815614756783,0.0,-0.19321124472130938,0.0,0.16107411622888743,-0.01731283618908625,0.0,0.0,0.01660852150006702,0.0
FiO2,-0.09424095556949313,0.0,-0.021205578294043563,-0.21910614936966577,-0.047145662803974274,-0.08270516130438321,-0.1329080450586524,-0.12319867928370386,-0.11684335184119052,-0.20830022628593717,-0.05926467298336419,-0.1389644241625257,-0.030130233480299955,-0.10809525033506087,-0.23336747520091472,-0.32225110908653903,-0.24910569375438565,-0.11248429338904205,-0.15867901505738147,-0.05961598141250778
HCO3,-0.1283120769891845,-0.047837593507837756,0.0,0.0,0.0,-0.03948046565139913,-0.02848519376772992,0.0,0.0,0.0,-0.12997047925006813,-0.07643290762617469,0.0,-0.11392784003390181,0.0,0.0,-0.2436666335723962,-0.3068409860747202,-0.020869801219049456,0.006077480095787078
Hct,0.0,0.0,-0.03922400900547549,-0.1687218663388682,0.0,0.0,0.10288323262176371,-0.002022336842571697,0.08031734649329043,0.0,-0.10511116479231937,-0.005744912571351593,-0.005244266440413089,-0.10589427464760424,-0.08828077818989222,0.0,-0.11282757961624496,0.054532514140211784,-0.05330173216994635,-0.14727082055424803
Hgb,-0.09803131114541241,0.0,-0.022974715679102014,0.0,-0.1037765550381233,-0.09143428530017121,-0.21779614766532746,-0.05979199160579534,0.0,-0.15913246733977413,-0.09995798282712268,-0.003592849879688412,-0.1902933458283918,-0.007969657512628493,0.0,-0.038359052148933113,0.0,0.0,-0.024377077198125898,0.0
MCH,-0.14814996420528356,-0.0729059058579439,-0.11379232079252624,-0.014858583204814977,0.0,-0.11827969194770753,-0.1256432839745818,0.03071997052928007,0.035825168785755424,0.0,0.0,-0.041452499926453716,-0.08125015990393046,0.0,-0.06407485168368918,0.05979085344482353,-0.0008825515867318936,-0.058429037007486063,0.11160433570046273,-0.050580336153335126
MCHC,0.10081963242400664,-0.001836645077225381,0.0,0.14743052639615822,-0.047626700445400745,0.05994413684796622,-0.14757799360478654,0.08154294774602701,6.732203432735635e-05,-0.0663802609803063,0.150683174192309,-0.12682490399525118,0.039839043624091956,0.05744738229610897,-0.07019278726050639,-0.2926595015560938,0.10150368636074315,0.016409398403561596,0.0,-0.004337617639505308
MCV,0.10176018915003661,0.0,0.0,0.0,-0.023734439685387125,-0.11262236507182277,0.3243559128497173,-0.05604031067971887,-0.16989667659773597,0.05496530801242143,-0.19375994314808687,0.0,0.0,0.0,0.1439100252908685,0.35822418705814524,0.0,0.002785854304125785,-0.04381451759037367,0.09748017592335996
MPV,-0.09825583231604275,0.02449828641160936,0.0,-0.13602804329139212,0.0,-0.0038317733470360905,-0.05213645671819034,-0.017330345005228457,-0.0880827438429725,0.0,-0.09195756364002344,0.0,-0.1781466811612607,0.09670432506758621,0.10925129250726391,-0.01626537416518901,-0.03982822088591767,0.0,-0.0502937824248429,0.11867668524724286
O2 Sat (%),-0.04788828661030191,-0.02146027470944327,-0.2910053465987595,-0.011541268742909639,-0.158402643929382,-0.03573388069075398,1.380248404648432e-06,0.028738642345096075,-0.1186241502600316,-0.015204837750962645,0.07641956439079226,-0.13274341746864135,-0.10989068070172495,0.05071807860475125,0.0,-0.011872628686494061,-0.02542936904478072,0.05582723858775875,-0.01440301567892813,-0.17831845077406464
PT,0.0,0.02864611996708089,0.06598367239859772,0.026663167119713106,0.07068314318567011,0.059981394076185544,0.0,0.04981011405208558,-0.08277894916276575,0.0,-0.009963662737089101,-0.00033882332150660506,0.1863401060726571,0.004097277677727264,-0.10636383400270803,0.00024325590961002622,0.0941616257772329,0.015495302399001813,0.0,-0.15526013675701553
PT - INR,-0.014858717721060568,-0.01637226510993467,0.0,-0.10747203978926524,-0.1710074644820026,0.0,0.016773040327448894,-0.012436594666119924,0.0,-0.07363642403913673,0.0,0.0,-0.2203841457082589,-0.13338701073620565,0.0588282086895055,-0.11597339409491357,-0.07207467329774121,-0.09387299004715294,-0.13339863236557634,0.0
PTT,0.01693236434300808,-0.11618872985417647,-0.09572831648823527,0.0,-0.1725558383553251,0.04927724127256649,-0.01189184195385872,-0.03791304942388821,-0.08353451933681844,-0.24938268031268407,-0.07738791235984299,-0.012376770528611766,-0.07087573615094356,-0.1624242575173236,-0.07846024742217426,-0.06136242101594542,-0.19366588154168146,-0.3086752654359796,-0.05586791498869492,-0.06687503161412622
RBC,0.06700499457343863,0.0,0.0,0.04674992339117542,0.030876819760068633,0.004459526530540395,0.0,0.05223480506944166,-0.07056935320646507,0.0,-0.15497262637741435,0.0,0.22477666914063238,0.0,0.0,0.0,0.08219544692807344,-0.06818152863368533,0.0,0.0
RDW,0.09443159931740541,0.0,0.14854335114851727,-0.027817018829394795,0.1704083847463614,0.0,0.12639976973161854,-0.15763941528844855,0.009709431924640327,0.057566164315350665,0.11675357296102915,0.0,-0.006160417479840625,0.18458163123648433,0.14388685535523824,0.23666502670487988,-0.0673911789408941,0.0,0.0,0.0
WBC x 1000,-0.06860184193612116,0.0,0.0,-0.06512740727060977,-0.022017079045239148,-0.12446259800288847,-0.05833080766232681,-0.1000126249743108,-0.12093785359603335,-0.03213426411138902,-0.08796846732689845,-0.012858933559130242,-0.08992187866165789,-0.23487002552182112,-0.025651963601109815,0.043365815270452544,-0.02669324637574619,0.0,-0.04390178776232744,0.0
albumin,0.0,0.0,0.016089578803727318,0.08205434587022116,0.0,0.0,0.051947079187821384,0.10405354559523756,0.1341665674814425,0.0665910937161592,0.0,0.0,0.15168811619352396,0.0,0.2600858884466411,0.09898877803072421,0.10947729436687367,0.0,0.09333753771208896,0.2273840070699671
alkaline phos.,-0.05391273172454382,-0.08841548504962123,-0.05745052269034635,-0.044101782057685,-0.13039222996504207,0.03946572465042795,0.04969930957971888,0.04493167769457319,0.0,0.0,-0.13820931429048133,0.03530425563360822,-0.08655614306446326,-0.04446391377514604,-0.08343603124572721,-0.0037502480320969708,-0.005460738979528277,-0.007901617851215511,-0.06242240963232506,0.05732590335659138
anion gap,-0.003315117265700565,0.016896010693797977,0.0741974772555854,0.060292763472509954,0.0,0.02784852722511158,0.0628211487596916,0.11650048244332484,0.08444645409273617,0.0,0.015464919064535617,-0.02792933387790825,-0.024291104642609244,0.14223182048235192,0.0,0.03969787076492167,-0.12010749186389953,-0.06759765496207933,-0.08753718491962731,-0.04653473399205157
bedside glucose,-0.031564082059978994,0.19384612277487498,0.06438622227010427,0.0,-0.07758823367590234,0.03590280020245208,0.0,0.0,0.0,0.07773738251987798,0.031139176739641054,0.0,0.021388817801304326,0.0,0.06151127243962326,0.0019874557473001575,0.0412985892935928,0.0,0.028495003314707733,0.01705644997779558
bicarbonate,0.018905283305111636,0.13785928955477303,0.054674031202213584,0.0,0.044858119562617246,0.09855323871158221,0.05333915700641534,-0.022309867453785028,0.0,0.04290288532419093,0.16653820888671916,0.2576754632083022,0.046300410862342094,0.0647529378677977,0.045799026295530704,0.13003262290742412,0.032045512964470356,0.13306864195352183,0.0,0.04174713645712054
calcium,0.0,0.0,-0.2006302842517434,0.0439697035259237,0.0,0.005351560000701901,0.20300798997650468,0.08719019506927805,-0.10897441156389574,0.05398030559753794,0.10091500094551577,0.0,0.015425457531160744,-0.04842952512502262,0.0,0.030481790184614863,-0.04507449664327666,0.09887636833666323,0.0074815382523698475,0.0
chloride,0.07457548802364891,0.0,0.12407154319622196,0.051314756941043795,0.20763766118971483,0.0,0.0,0.12303715075447132,0.13207933379305528,0.0,0.0,0.0,0.0,0.1292701932201297,0.08991597678577323,0.05528193839030247,0.0,0.11504487849160647,0.0,0.06032768758709407
creatinine,0.0040567805358605056,-0.26173538322392714,0.0,0.0,0.0,0.03926017374719089,-0.04285311092945024,-0.004937596105538309,-0.10191972265108165,-0.1587722043809485,-0.187010164958986,-0.04635206903306036,-0.12002649506997157,0.0,-0.03223566194849795,-0.07875542678964492,-0.0987455056525035,-0.032489799596638544,-0.07228291465907115,0.0
glucose,0.3743538598327597,0.12759650112627308,0.18234260658606713,0.1373611771880578,0.29181191783943516,0.2821830402754546,0.23263287007314365,0.2743795016956015,0.27987313484134213,0.25650781465428923,0.23205770617190422,0.25086339662730217,0.31903556236053965,0.2993189271110267,0.35375031961001197,0.25688377909115634,0.1417025729333085,0.163797083425126,0.26133563951409333,0.2957286926121126
magnesium,0.12312305604329547,-0.10284030541283648,-0.033427664780581075,0.0,0.0,0.15345237811823378,0.1594122524565614,0.0,0.0,0.02045583128595066,0.0,0.0,0.17160351409634864,0.05746179527305498,0.0,0.05808484092636946,0.024613662299938777,0.009622862192729703,-0.04478639251619915,0.02538383686402024
pH,-0.11082251193276958,-0.05671337338927871,-0.1195982763217285,-0.03862015671575845,0.0,-0.13845202181069227,-0.24136337658662363,-0.002468986205791248,-0.12848734365027897,-0.1422954943832182,-0.022715700709146764,0.0,-0.07265683813817232,-0.0004923319700713405,-0.36674957426622556,-0.21665354893003608,0.0,0.0,0.0,0.0
paCO2,0.23001245905624165,0.11106238658911867,0.22712388929123248,0.1627589289170208,0.23013471250223233,0.014998692462348407,0.11169780315452563,0.15040359338757772,0.24820700852454458,0.09288540122215462,0.12155091435130203,0.30728280687371895,0.048345620965258525,0.25102511021193674,0.09053074066821308,0.0,0.2554898095037098,0.2666609420117881,0.2115445785616637,0.08931580008247583
paO2,0.10282431883009507,0.08475465600652692,0.13914599285741733,0.0,-0.22036734014401338,0.035020808757238515,-0.06793979644260784,-0.12913197073421379,-0.1425320437529467,0.0,-0.05905792298161021,-0.12815525742506653,-0.08151160567471795,-0.007950529910844365,0.0,-0.07822623046733428,0.17756657968224915,0.1175970076327366,0.0,0.0856003354992998
phosphate,0.0,0.0,0.04636693663459076,0.0,0.05034705057775412,-0.12145632605227814,-0.1251896402587426,0.0,0.08744716155999155,0.02318711282593777,-0.034599736199286364,-0.030383943702963934,0.02355840955987828,0.0,0.0,-0.024720081222955378,0.08349582384961941,0.16994147033550536,0.06930660169467326,0.03283851680064162
platelets x 1000,0.038448630792567245,-0.0238781980680078,0.060803499066470694,0.056077448987574545,-0.0022190003618533377,0.029012672177865222,-0.08951002675682047,-0.0001531010491145588,-0.08029877150930126,0.008404102551591243,0.03180632856920221,0.03647923765527417,0.06467237143797204,0.0832862679057606,0.07750734322115498,-0.11896983435236604,0.10068973611294336,0.0,0.0,0.0
potassium,-0.08068207005169839,-0.07371617906769366,0.0,-0.017257069969561507,-0.05434500807281551,-0.002516758329928223,-0.05399202101769699,-0.19462991691845102,0.01915489618434671,-0.022836032818940595,0.009294441240097545,0.0,0.009176488763359674,-0.014793796303924047,-0.08743751241448632,-0.04271499083343727,0.0,0.0029921241038396427,0.01480306326988082,-0.10955997922451549
sodium,0.054800158958757623,0.014335664496613425,0.0,0.031941528030271345,0.0,0.13977515281601177,0.008688628771426225,-0.07181478230066987,0.02164202427438062,0.12507539274687418,0.13990288468457637,0.0,0.16623999621856053,0.007087883013002372,0.10747886767075535,0.0,0.043905840518910715,-0.00943495543256546,0.04701399433033624,0.014481847926454223
total bilirubin,0.0,0.0,0.08194802762674956,0.0,0.0,0.08489317762627224,0.03793253315614794,0.014647021184001834,0.0,0.049874175639145715,0.0,0.08800428852412905,0.0,0.009450602586619047,0.0,0.0,0.0,0.1444581779174285,0.0,0.0
total protein,0.0,-0.029243950684908575,-0.04916929895493472,0.0,-0.06180715593465607,0.0,0.0,0.0,-0.1296219977819014,0.0,0.0,0.0,-0.07339293492508969,0.0,-0.27242955887213005,0.0,0.0,0.07141640442250044,0.0,-0.1339145183658353
0,0.02407134609400615,0.0,0.07452793510535852,0.14522622553760803,0.26192811192908194,0.14237861363424487,0.14028762135583572,0.16410342431197045,0.1323721122442501,0.18249706725113285,0.16297212906907105,0.22947481109660062,0.1654292949100459,0.2544013067043324,0.04830381328934429,0.2853867593875017,0.0028824550824862938,0.14307782269076386,0.20757234666682692,0.06251945805368882
2,0.02297020259925428,0.048467563144386654,0.09338776280057219,0.14262308781250022,0.0,0.08632572219683905,-0.017358762101509283,0.16182991188307635,0.08469252344126374,0.09539204313080535,0.005098406623023084,-0.07184210199726125,0.05481657656179312,0.0,0.09146412707711757,0.10524831704995088,0.0021326634888459883,0.0,0.0,0.07148274116404076
5,-0.11524261510362785,0.0,-0.00842378743562727,-0.06420473904009942,-0.13623653628534993,-0.07370685832857013,-0.10029335159977325,-0.14320301629494767,0.023381860452262843,-0.1067800225251388,-0.16564548414846983,0.029693158719606427,-0.10442519747681293,-0.0012471782624893474,-0.15100241256264058,-0.11539323060838928,-0.17116843023856387,-0.1503185762846106,-0.06031814175020712,-0.13360859709784165
14,0.10323465278947579,0.0,0.1582313530933734,0.0,0.03429558569938049,0.08519580566750713,0.020151310758733384,0.028183028791126045,0.0692003259556368,-0.016368997123224066,0.039699314397298874,0.010078289319818919,-0.0026080062492694145,0.0,0.18014104587053695,0.17823189593252894,0.0919444904482299,0.0776160194348745,0.05046471939066951,0.005522429682595141
19,0.12411125997556492,0.08148570443444346,0.11784599292861744,0.23382175341310363,0.11862248650359901,0.2256739074843743,0.16680485304578896,0.2104816364239183,0.17422971370793303,0.2082294440069092,0.20314416574441163,0.23633752884383114,0.2878438062406179,0.18968009531211552,0.09370281756926623,0.22759330936023628,0.24945244057029897,0.11977423714384355,0.14690466941898694,0.16514419575144845
36,-0.24415912376102927,-0.18706310886693106,-0.21452466955165464,-0.3659135783738989,-0.1474505894363541,-0.2287869676672644,-0.12337478282534786,-0.10391989015665691,-0.1076314644855435,-0.25893985836016303,-0.19134934272873205,-0.36118630968334514,-0.2594671315175577,-0.0765876048945986,-0.1423505517669302,-0.12119747530247364,-0.29668557172213045,-0.17329179149741844,-0.17359921005339227,-0.24848997647759563
38,0.0990777596783404,0.21115227481525656,0.0,0.0,0.13488046009144813,0.08484258207964354,-0.004760715388462855,0.01234752019162283,0.009102816078136877,0.0,0.011764525401195736,0.08647406117428892,0.09386065559848165,0.09110055856923067,0.08761835893323612,-0.04150778230228869,0.23504240062790194,0.07371603951416385,0.08451946468568625,0.11798767582686379
41,-0.3446029922883159,-0.359817823674829,-0.35260149821592224,-0.284930653183002,-0.3589159152109016,-0.1768509890727032,-0.33542330774130646,-0.3696570681193717,-0.2276814393221359,-0.3546114223844835,-0.240110072533204,-0.3911000775166257,-0.3000570921723726,-0.31351850050858787,-0.2101696660989696,-0.21574060841485226,-0.293766188238951,-0.20228251426874186,-0.28596570945122424,-0.17454110355360172
44,0.12962646059362748,-0.016437077370766655,0.015833392556460494,0.011115241204084126,0.014249221289878558,0.1593442669151917,0.1335905265830756,0.07474132385536361,0.026287616376721678,0.06456735155821221,0.13890477879730312,0.11236323598068769,0.10026379931983272,0.15690569150744726,0.13012172170585803,0.0440602022465377,0.05233289250143611,0.1673229058075743,0.06998792189570718,0.1395157662166857
56,0.21147451236884116,0.11723172103884763,0.2579992351377707,0.16935214903598897,0.19719930324265225,0.14556955132368007,0.20882691890918684,0.31935600900377176,0.08589788923087759,0.2543037548654029,0.13461172117582287,0.23917077370741108,0.22865414861193403,0.14050018757537755,0.09175265219026167,0.13386591852741275,0.21150781999526944,0.20927172533874722,0.031575877585283234,0.23284805396556713
59,-0.16041075903603805,-0.2986383269492157,-0.17895921954112803,-0.26213535584861475,-0.18449036269273855,-0.12312430930688906,-0.21090242500243214,-0.24609654342640733,-0.15727800359613656,-0.26008647655793665,-0.3174347436004657,-0.19386006866673797,-0.32939380496176046,-0.2203820710881259,-0.19170728153599714,-0.22867380082002375,-0.31814354811422324,-0.2428808203648884,-0.2239769014307258,-0.2862467287130382
65,0.0008015815914302464,0.013177025728777115,0.0,0.0,-0.09876349561548574,-0.23180835998682045,-0.0713910466701205,-0.17066853914337893,-0.11891417411512163,-0.05486586675104216,0.0,0.04014624066805218,0.0,0.0,-0.1689750859026653,-0.24902644885063924,0.0,0.03274683232841083,0.0,0.0
71,0.09656562558234215,0.26299704213268466,0.07529648771309641,0.20848820007112903,0.1925303930469858,0.22852912990670005,0.19541044669663457,0.19323421528157692,0.07697905016683562,0.07802735314147523,0.17559326213180027,0.1853431450845482,0.18836243359598417,0.258819380749908,0.20037142633154392,0.2200604133935012,0.2346587266087658,0.29794397818571955,0.2062958096333318,0.25526960181248093
80,0.10439113861941986,-0.012741258548787415,0.06141368509347204,0.07896127499469387,0.0,0.004011653537605441,0.04514693613661655,0.0275007457485389,-0.03872051092409658,0.0,-0.11408101189357418,-0.07438810994808519,0.07050384696539781,0.08955889644525859,0.05043231708365466,0.017304068058666643,0.0037390694014225348,0.04744387397699671,-0.1178990242319776,0.00047802141517252583
83,0.17258809064147485,0.3004741154600644,0.2510499944558478,0.3626942037246258,0.3572362165851807,0.2783136335519404,0.3272278376607832,0.21247634379722952,0.2455794805474663,0.36662611401699013,0.4186433093355061,0.19451417835622012,0.12433648260556679,0.3189328375763749,0.24796527768428167,0.37741534564731244,0.24958628106065398,0.25091542551741725,0.3312666313235188,0.32988507395327166
92,-0.039587087090804385,-0.020117460699113507,-0.10216629204799174,-0.062093576221666294,-0.12195291786585577,-0.09479193812183877,-0.26059737659881416,-0.10420256471802027,-0.06967368124317155,-0.19355148464981445,0.0,-0.042148909034922626,-0.11198579462540778,-0.15307712967136675,-0.0014414519463997163,-0.18355959344681064,-0.07454984901507904,-0.1018089763765066,-0.09656130114620211,-0.21608707016896694
95,-0.14216244086839186,-0.12584463143196148,-0.11130281590085006,-0.09068399548174967,0.00998846450253635,-0.10102481828905782,-0.09255895787424785,-0.1843863295595392,-0.07644776151704508,0.003980432484873875,-0.1606007104775563,0.048919257056097086,-0.07597984750599479,-0.20862325479355226,-0.01979652113020233,-0.2066171056703671,-0.007122635688689272,-0.0394177390994357,-0.168960477477796,-0.03650630237255996
99,0.08176439034079047,0.0,0.039239968470242796,0.089848121827707,0.0,-0.015178418785358859,0.09126807184364849,0.060400738628275656,0.017414976542457054,0.053982858071924565,0.0813691553149271,-0.04103404272463376,0.0,0.015574868147236718,-0.038488784930895,-0.07886427988238044,0.005260515140161746,0.021162078703489056,0.11886068850180426,0.0
fentanyl,-0.1808325622534749,0.0,0.0,0.0,0.0,0.0,-0.18231823877960054,-0.17004269248178766,-0.19130905453190264,-0.17483168651376424,-0.18195812087617894,-0.2134290783434508,-0.17095487008306587,-0.159141178132866,-0.2032855755826515,-0.20803358357782567,-0.1728550001057611,0.0,-0.1817989797823803,0.0
insulin,0.010941859195651818,-0.01633085840568003,0.008818747309979183,-0.17739597478993446,0.08307498964490015,-0.005088469675368666,0.05055541336987426,0.034005160600128544,-0.08872242606509965,2.1936275125310627e-05,0.01971063329926323,0.0,0.03734191380110302,-0.08419655334226595,-0.08370556110942602,-0.1140813406188626,-0.1623762307720452,-0.09195085987268302,-0.008542545547170486,-0.06284556448066006
midazolam,-0.17626110519509233,-0.024366275428380834,-0.05363990383624073,-0.14002137460692798,-0.17082110953544444,-0.03468429561309761,-0.19768644392404822,-0.13742187293482733,-0.033854351405437175,-0.09067147533600538,-0.06700805667670102,0.0,-0.10476725086806009,-0.06478924892460965,-0.06234193160507165,-0.25261587711283,-0.052807555866869665,-0.07037614859169936,-0.13892756893358257,-0.030853302524460297
morphine,0.173208212514917,0.18303843186161267,0.26862368211690607,0.2262582490883868,0.2831453877323314,0.2186221326357008,0.32706447688884804,0.2618689104994261,0.31690979884702203,0.2702853416849189,0.2573645894463175,0.31341666925350525,0.31434441552496956,0.27814348705662106,0.3022353065678946,0.38411992834773917,0.35663484454003386,0.20930912368762236,0.2424110049776719,0.15681143726628632
nicardipine,0.16344673239175933,0.007875052973569533,0.21905786569317975,0.27340276520851625,0.12347059179580988,0.1569761347468208,0.11745888502482266,0.06581480448408457,0.18444179042056236,0.21240229540935524,0.1521119891594808,0.1276086424787988,0.13832214061290607,0.14234211091849383,0.18544292378485547,0.22213997282227593,0.15730965903297184,0.12200100196009601,0.146369526788271,0.12180482886747201
norepinephrine,0.21891468838119596,0.12102688940256132,0.1622825806922036,0.20848553604837275,0.0783829648919015,0.07194520605569141,0.1338872432745659,0.19183333081923512,0.30649602737028453,0.14667465680247962,0.12932544974211924,0.06208357640728242,0.2060623463838128,0.12116635873040155,0.26750992002551116,0.06271080791434931,0.27651910390465234,0.15714716647667207,0.16953148409979366,0.2518207040977773
phenylephrine,0.23719210177552608,0.2866579954060192,0.2825107429197083,0.24187079836838224,0.35884531122450486,0.14248579554457177,0.23966866738247108,0.2616989804938308,0.28651801615028055,0.27327654898868503,0.2254042505548592,0.21087177038011168,0.2622095782889525,0.3186497083379862,0.29093946868257853,0.34314047545065235,0.16154809690708433,0.2108026739279059,0.23224595373914425,0.2961038001285167
propofol,-0.19487284459033488,-0.1316164774865856,-0.23094909435603403,-0.09894588455958785,-0.11971491348621607,0.0,-0.09901528137937496,-0.0922549126796927,-0.22311587338037708,-0.14871227609388668,0.0,0.0,-0.19756335600792616,-0.32265963903698497,0.0,-0.09116326824875115,-0.08123415349784849,-0.08523007200382093,-0.10078731526799528,-0.08049098330910638
redbloodcell,-0.36964738863919794,-0.0899201526361934,-0.11545589452489406,-0.09016814834652578,-0.10304798812614929,-0.15314464415139448,-0.0680168286219314,-0.09801891782244491,-0.013559586499153073,-0.07714387131401418,0.0,-0.014591501776781481,-0.005599040777409899,-0.02263258742413738,-0.011461175507444975,-0.11484011420244214,-0.0737509986885263,0.011254445677853723,-0.157515885341831,-0.02361989545409884
sodium,0.0934052929937546,0.12641197476291027,0.12430274116885148,0.04952483912959233,0.1581971344711509,0.05351018846386949,0.11397146606526568,0.07904815272293822,0.1383952864439673,0.07439387531872999,0.09658544496189023,0.02030532858921813,0.00728400590310388,0.101959046914052,0.04022599674458803,0.15031380385000892,0.06785452214126901,0.03394395916030876,0.2135219791038208,6.298856438406799e-05
vasopressin,0.22106652184544656,0.2678640798723892,0.17154576208547878,0.21452995499140048,0.20569202719473847,0.2207804267603568,0.10715628039362428,0.0646816107762449,0.0826554507232166,0.1986310064449771,0.17575952448791232,0.1589130326430893,0.29643667593125855,0.10538641819198702,0.009899615145127882,0.16893271189224932,0.3104711484266733,0.20270321625403545,0.21507912645060284,0.2996340471475288
verbal,0.0,0.0,0.0,0.0,0.0,0.0,0.0,0.0,0.0,0.0,0.0,0.06488203053791378,0.0,0.0,0.0,0.0,0.0,0.0,0.0,0.0
eyes,0.11797585388067892,0.2766382114456031,0.2828019967449832,0.24045392403745264,0.2954116816312698,0.2741162760370299,0.2984119586943527,0.35453109835547686,0.24249626083793058,0.3691410938891363,0.3241858714120461,0.2665367576373502,0.23941775043867128,0.31884903127398345,0.3076905809467047,0.4159614430002611,0.34662123932384764,0.26231797147061336,0.262142038048362,0.20626732647561993
temp,0.016094421643367822,0.15561074329435112,0.0,0.12182741201283323,0.026065144004633316,0.0,0.0444963189548481,0.06339824402965845,0.0,0.026990028582218016,0.0,0.1060951838459009,0.07846920992453935,0.028145427394247986,0.02069411759238666,0.018213904351622536,-0.0038860460634244204,0.04060702839068922,0.13974179026278094,-0.002559454841866551
sys,0.2113807116449023,0.0,-0.011668939868579857,0.16106607002336587,0.15082713922053023,0.07065166118263465,0.042591930909693,0.11804782500305738,0.13841325373157234,0.03551553765090973,0.1842891464661052,0.03442508031731418,0.10782926855568693,0.18131928748223572,0.026212040956273806,0.0750396819059039,0.06199202881558129,0.0960530904898791,0.09704633795790191,0.13621447445680387
dias,-0.05115067212017852,-0.4122312663908733,-0.21944483285726984,-0.17992295276395628,-0.418985059652502,-0.2539566564721645,-0.6518058685357551,-0.2536254223479528,-0.3324253392992195,-0.1606736515219513,-0.2966161235124454,-0.14219204932502558,-0.22658533692703875,-0.13771644490876048,-0.18541905412984067,-0.3659252751780479,-0.3208777275621302,-0.243886563771906,-0.48013634260694515,-0.04143274530659592
bp,0.11057785925383715,0.5938213613914921,0.3996070800716499,0.29138036756684205,0.4369205770569526,0.3336830733868772,0.6175326004095181,0.26220543785252687,0.42069814392557076,0.28354601576714533,0.47937525038162937,0.2510736945334328,0.4306938990269966,0.17418955300532654,0.24261475282879646,0.47408426888474614,0.48050242327345033,0.38277355908457383,0.5454013028183073,0.2122175209872266
